Importance,Feature
0.3767442284074895,time
0.1584400970326394,serum_creatinine
0.1210616559281361,ejection_fraction
0.08647899072394277,age
0.07323975901406284,serum_sodium
0.06896847533897062,creatinine_phosphokinase
0.059267549828665965,platelets
0.01404342704208684,high_blood_pressure
0.011543724126950747,diabetes
0.01053107296892348,sex
0.010015605923880427,anaemia
0.009665413664251409,smoking
